<?xml version="1.0" encoding="iso-8859-1"?>
<method>
<submethods>
<submethod program="HyStar_LC" revision="0">
<name>200728_Fentanyl_3_LC</name>
<files>
<file name="hystar.method"/>
</files>
</submethod>
<submethod program="HyStar_Autosampler" revision="0">
<name>Standard</name>
<files/>
</submethod>
<submethod program="microTOFQCompactControl" revision="0">
<name>200728_fentanyl_3_LC_MSMS_Collision_25.m</name>
<files>
<file name="microTOFQCompactAcquisition.method"/>
</files>
</submethod>
</submethods>
<locked>false</locked>
<readonly>true</readonly>
<comment></comment>
</method>
